部数\\頁数, 12, 14,16,18,20,22,24,26,28,30,32,34,36,38,40,42,44,46,48,50,52,54,56,58,60,62,64,66,68,70,72,74,76,78,80,82,84,86,88,90,92,94,96,98,100,102,104,106,108,110,112,114,116,118,120,122,124,126,128,130,132,134,136,138,140,142,144,146,148,150,152,154,156,158,160,162,164,166,168,170,172,174,176,178,180,182,184
30,25100,27000,28900,30800,32800,34700,36600,38500,40400,42400,44300,46200,48100,50000,51900,53900,55800,57700,59600,61500,63500,65400,67300,69200,71100,73000,75000,76900,78800,80700,82600,84600,86500,88400,90300,92200,94100,96100,98000,99900,101800,103700,105700,107600,109500,111400,113300,115200,117200,119100,121000,122900,124800,126800,128700,130600,132500,134400,136300,138300,140200,142100,144000,145900,147900,149800,151700,153600,155500,157400,159400,161300,163200,165100,167000,169000,170900,172800,174700,176600,178500,180500,182400,184300,186200,188100,190100
50,26700,28600,30600,32600,34500,36500,38400,40400,42400,44300,46300,48200,50200,52200,54100,56100,58000,60000,62000,63900,65900,67800,69800,71800,73700,75700,77600,79600,81600,83500,85500,87400,89400,91400,93300,95300,97200,99200,101200,103100,105100,107000,109000,111000,112900,114900,116800,118800,120800,122700,124700,126600,128600,130600,132500,134500,136400,138400,140400,142300,144300,146300,148200,150200,152100,154100,156100,158000,160000,161900,163900,165900,167800,169800,171700,173700,175700,177600,179600,181500,183500,185500,187400,189400,191300,193300,195300
80,29100,31100,33100,35100,37200,39200,41200,43200,45300,47300,49300,51300,53400,55400,57400,59400,61400,63500,65500,67500,69500,71600,73600,75600,77600,79700,81700,83700,85700,87700,89800,91800,93800,95800,97900,99900,101900,103900,105900,108000,110000,112000,114000,116100,118100,120100,122100,124200,126200,128200,130200,132200,134300,136300,138300,140300,142400,144400,146400,148400,150500,152500,154500,156500,158500,160600,162600,164600,166600,168700,170700,172700,174700,176800,178800,180800,182800,184800,186900,188900,190900,192900,195000,197000,199000,201000,203000
100,30700,32700,34800,36900,38900,41000,43100,45100,47200,49300,51300,53400,55400,57500,59600,61600,63700,65800,67800,69900,72000,74000,76100,78200,80200,82300,84400,86400,88500,90600,92600,94700,96700,98800,100900,102900,105000,107100,109100,111200,113300,115300,117400,119500,121500,123600,125700,127700,129800,131800,133900,136000,138000,140100,142200,144200,146300,148400,150400,152500,154600,156600,158700,160800,162800,164900,167000,169000,171100,173100,175200,177300,179300,181400,183500,185500,187600,189700,191700,193800,195900,197900,200000,202100,204100,206200,208200
150,34700,36800,39000,41200,43300,45500,47700,49800,52000,54200,56400,58500,60700,62900,65000,67200,69400,71500,73700,75900,78100,80200,82400,84600,86700,88900,91100,93200,95400,97600,99700,101900,104100,106300,108400,110600,112800,114900,117100,119300,121400,123600,125800,128000,130100,132300,134500,136600,138800,141000,143100,145300,147500,149600,151800,154000,156200,158300,160500,162700,164800,167000,169200,171300,173500,175700,177900,180000,182200,184400,186500,188700,190900,193000,195200,197400,199500,201700,203900,206100,208200,210400,212600,214700,216900,219100,221200
200,38600,40900,43200,45500,47700,50000,52300,54600,56800,59100,61400,63700,65900,68200,70500,72800,75000,77300,79600,81900,84100,86400,88700,91000,93200,95500,97800,100100,102300,104600,106900,109100,111400,113700,116000,118200,120500,122800,125100,127300,129600,131900,134200,136400,138700,141000,143300,145500,147800,150100,152400,154600,156900,159200,161500,163700,166000,168300,170600,172800,175100,177400,179700,181900,184200,186500,188700,191000,193300,195600,197800,200100,202400,204700,206900,209200,211500,213800,216000,218300,220600,222900,225100,227400,229700,232000,234200
250,42600,45000,47400,49800,52100,54500,56900,59300,61700,64000,66400,68800,71200,73600,75900,78300,80700,83100,85500,87800,90200,92600,95000,97400,99700,102100,104500,106900,109200,111600,114000,116400,118800,121100,123500,125900,128300,130700,133000,135400,137800,140200,142600,144900,147300,149700,152100,154400,156800,159200,161600,164000,166300,168700,171100,173500,175900,178200,180600,183000,185400,187800,190100,192500,194900,197300,199600,202000,204400,206800,209200,211500,213900,216300,218700,221100,223400,225800,228200,230600,233000,235300,237700,240100,242500,244900,247200
300,46600,49100,51600,54100,56600,59000,61500,64000,66500,69000,71500,73900,76400,78900,81400,83900,86400,88800,91300,93800,96300,98800,101300,103700,106200,108700,111200,113700,116200,118600,121100,123600,126100,128600,131100,133600,136000,138500,141000,143500,146000,148500,150900,153400,155900,158400,160900,163400,165800,168300,170800,173300,175800,178300,180700,183200,185700,188200,190700,193200,195600,198100,200600,203100,205600,208100,210500,213000,215500,218000,220500,223000,225500,227900,230400,232900,235400,237900,240400,242800,245300,247800,250300,252800,255300,257700,260200
350,50600,53200,55800,58400,61000,63500,66100,68700,71300,73900,76500,79100,81700,84300,86800,89400,92000,94600,97200,99800,102400,105000,107600,110100,112700,115300,117900,120500,123100,125700,128300,130900,133400,136000,138600,141200,143800,146400,149000,151600,154100,156700,159300,161900,164500,167100,169700,172300,174900,177400,180000,182600,185200,187800,190400,193000,195600,198200,200700,203300,205900,208500,211100,213700,216300,218900,221400,224000,226600,229200,231800,234400,237000,239600,242200,244700,247300,249900,252500,255100,257700,260300,262900,265500,268000,270600,273200
400,54600,57300,60000,62700,65400,68100,70800,73400,76100,78800,81500,84200,86900,89600,92300,95000,97700,100400,103100,105800,108500,111200,113800,116500,119200,121900,124600,127300,130000,132700,135400,138100,140800,143500,146200,148900,151600,154200,156900,159600,162300,165000,167700,170400,173100,175800,178500,181200,183900,186600,189300,191900,194600,197300,200000,202700,205400,208100,210800,213500,216200,218900,221600,224300,227000,229700,232300,235000,237700,240400,243100,245800,248500,251200,253900,256600,259300,262000,264700,267400,270100,272700,275400,278100,280800,283500,286200
450,58600,61400,64200,67000,69800,72600,75400,78200,81000,83800,86600,89400,92200,95000,97800,100600,103300,106100,108900,111700,114500,117300,120100,122900,125700,128500,131300,134100,136900,139700,142500,145300,148100,150900,153700,156500,159300,162100,164900,167700,170500,173300,176100,178900,181700,184500,187300,190100,192900,195700,198500,201300,204100,206900,209700,212500,215300,218100,220900,223700,226500,229300,232100,234900,237700,240500,243200,246000,248800,251600,254400,257200,260000,262800,265600,268400,271200,274000,276800,279600,282400,285200,288000,290800,293600,296400,299200
500,62600,65500,68400,71300,74200,77100,80000,82900,85800,88700,91600,94500,97400,100300,103200,106100,109000,111900,114800,117700,120600,123500,126400,129300,132200,135100,138000,140900,143800,146700,149600,152600,155500,158400,161300,164200,167100,170000,172900,175800,178700,181600,184500,187400,190300,193200,196100,199000,201900,204800,207700,210600,213500,216400,219300,222200,225100,228000,230900,233800,236700,239600,242500,245400,248300,251200,254100,257100,260000,262900,265800,268700,271600,274500,277400,280300,283200,286100,289000,291900,294800,297700,300600,303500,306400,309300,312200
600,70500,73700,76800,79900,83000,86100,89200,92300,95400,98600,101700,104800,107900,111000,114100,117200,120300,123400,126600,129700,132800,135900,139000,142100,145200,148300,151500,154600,157700,160800,163900,167000,170100,173200,176400,179500,182600,185700,188800,191900,195000,198100,201300,204400,207500,210600,213700,216800,219900,223000,226200,229300,232400,235500,238600,241700,244800,247900,251000,254200,257300,260400,263500,266600,269700,272800,275900,279100,282200,285300,288400,291500,294600,297700,300800,304000,307100,310200,313300,316400,319500,322600,325700,328900,332000,335100,338200
700,78500,81800,85200,88500,91800,95100,98400,101800,105100,108400,111700,115100,118400,121700,125000,128300,131700,135000,138300,141600,144900,148300,151600,154900,158200,161600,164900,168200,171500,174800,178200,181500,184800,188100,191500,194800,198100,201400,204700,208100,211400,214700,218000,221300,224700,228000,231300,234600,238000,241300,244600,247900,251200,254600,257900,261200,264500,267900,271200,274500,277800,281100,284500,287800,291100,294400,297700,301100,304400,307700,311000,314400,317700,321000,324300,327600,331000,334300,337600,340900,344300,347600,350900,354200,357500,360900,364200
800,86500,90000,93600,97100,100600,104100,107700,111200,114700,118300,121800,125300,128900,132400,135900,139500,143000,146500,150100,153600,157100,160600,164200,167700,171200,174800,178300,181800,185400,188900,192400,196000,199500,203000,206500,210100,213600,217100,220700,224200,227700,231300,234800,238300,241900,245400,248900,252500,256000,259500,263000,266600,270100,273600,277200,280700,284200,287800,291300,294800,298400,301900,305400,309000,312500,316000,319500,323100,326600,330100,333700,337200,340700,344300,347800,351300,354900,358400,361900,365500,369000,372500,376000,379600,383100,386600,390200
900,94500,98200,101900,105700,109400,113200,116900,120600,124400,128100,131900,135600,139400,143100,146800,150600,154300,158100,161800,165500,169300,173000,176800,180500,184200,188000,191700,195500,199200,202900,206700,210400,214200,217900,221600,225400,229100,232900,236600,240300,244100,247800,251600,255300,259100,262800,266500,270300,274000,277800,281500,285200,289000,292700,296500,300200,303900,307700,311400,315200,318900,322600,326400,330100,333900,337600,341300,345100,348800,352600,356300,360000,363800,367500,371300,375000,378800,382500,386200,390000,393700,397500,401200,404900,408700,412400,416200
1000,102400,106400,110300,114300,118200,122200,126100,130100,134000,138000,141900,145900,149800,153800,157700,161700,165600,169600,173500,177500,181400,185400,189300,193300,197200,201200,205100,209100,213000,217000,220900,224900,228800,232800,236700,240700,244600,248600,252500,256500,260400,264400,268300,272300,276200,280200,284100,288100,292000,296000,299900,303900,307800,311800,315700,319700,323600,327600,331500,335500,339400,343400,347300,351300,355200,359200,363100,367100,371000,375000,378900,382900,386800,390800,394700,398700,402600,406600,410500,414500,418400,422400,426300,430300,434200,438200,442100
1100,110400,114600,118700,122900,127100,131200,135400,139500,143700,147800,152000,156200,160300,164500,168600,172800,177000,181100,185300,189400,193600,197800,201900,206100,210200,214400,218600,222700,226900,231000,235200,239400,243500,247700,251800,256000,260200,264300,268500,272600,276800,281000,285100,289300,293400,297600,301800,305900,310100,314200,318400,322600,326700,330900,335000,339200,343300,347500,351700,355800,360000,364100,368300,372500,376600,380800,384900,389100,393300,397400,401600,405700,409900,414100,418200,422400,426500,430700,434900,439000,443200,447300,451500,455700,459800,464000,468100
1200,118400,122800,127100,131500,135900,140200,144600,149000,153300,157700,162100,166400,170800,175200,179600,183900,188300,192700,197000,201400,205800,210100,214500,218900,223200,227600,232000,236400,240700,245100,249500,253800,258200,262600,266900,271300,275700,280000,284400,288800,293100,297500,301900,306300,310600,315000,319400,323700,328100,332500,336800,341200,345600,349900,354300,358700,363100,367400,371800,376200,380500,384900,389300,393600,398000,402400,406700,411100,415500,419900,424200,428600,433000,437300,441700,446100,450400,454800,459200,463500,467900,472300,476600,481000,485400,489800,494100
1300,126400,130900,135500,140100,144700,149300,153800,158400,163000,167600,172100,176700,181300,185900,190500,195000,199600,204200,208800,213400,217900,222500,227100,231700,236200,240800,245400,250000,254600,259100,263700,268300,272900,277500,282000,286600,291200,295800,300300,304900,309500,314100,318700,323200,327800,332400,337000,341600,346100,350700,355300,359900,364400,369000,373600,378200,382800,387300,391900,396500,401100,405700,410200,414800,419400,424000,428500,433100,437700,442300,446900,451400,456000,460600,465200,469700,474300,478900,483500,488100,492600,497200,501800,506400,511000,515500,520100
1400,134300,139100,143900,148700,153500,158300,163100,167900,172600,177400,182200,187000,191800,196600,201400,206200,210900,215700,220500,225300,230100,234900,239700,244500,249200,254000,258800,263600,268400,273200,278000,282800,287600,292300,297100,301900,306700,311500,316300,321100,325900,330600,335400,340200,345000,349800,354600,359400,364200,368900,373700,378500,383300,388100,392900,397700,402500,407300,412000,416800,421600,426400,431200,436000,440800,445600,450300,455100,459900,464700,469500,474300,479100,483900,488600,493400,498200,503000,507800,512600,517400,522200,527000,531700,536500,541300,546100
1500,142300,147300,152300,157300,162300,167300,172300,177300,182300,187300,192300,197300,202300,207300,212300,217300,222300,227300,232300,237300,242300,247300,252300,257300,262200,267200,272200,277200,282200,287200,292200,297200,302200,307200,312200,317200,322200,327200,332200,337200,342200,347200,352200,357200,362200,367200,372200,377200,382200,387200,392200,397200,402200,407200,412200,417200,422200,427200,432200,437200,442200,447200,452200,457100,462100,467100,472100,477100,482100,487100,492100,497100,502100,507100,512100,517100,522100,527100,532100,537100,542100,547100,552100,557100,562100,567100,572100
1600,150300,155500,160700,165900,171100,176300,181500,186700,191900,197100,202400,207600,212800,218000,223200,228400,233600,238800,244000,249200,254400,259600,264800,270000,275200,280500,285700,290900,296100,301300,306500,311700,316900,322100,327300,332500,337700,342900,348100,353400,358600,363800,369000,374200,379400,384600,389800,395000,400200,405400,410600,415800,421000,426300,431500,436700,441900,447100,452300,457500,462700,467900,473100,478300,483500,488700,493900,499100,504400,509600,514800,520000,525200,530400,535600,540800,546000,551200,556400,561600,566800,572000,577300,582500,587700,592900,598100
1700,158300,163700,169100,174500,179900,185300,190800,196200,201600,207000,212400,217800,223300,228700,234100,239500,244900,250300,255800,261200,266600,272000,277400,282800,288300,293700,299100,304500,309900,315300,320700,326200,331600,337000,342400,347800,353200,358700,364100,369500,374900,380300,385700,391200,396600,402000,407400,412800,418200,423700,429100,434500,439900,445300,450700,456200,461600,467000,472400,477800,483200,488700,494100,499500,504900,510300,515700,521200,526600,532000,537400,542800,548200,553700,559100,564500,569900,575300,580700,586200,591600,597000,602400,607800,613200,618700,624100
1800,166200,171900,177500,183100,188700,194400,200000,205600,211200,216900,222500,228100,233700,239400,245000,250600,256200,261900,267500,273100,278700,284400,290000,295600,301300,306900,312500,318100,323800,329400,335000,340600,346300,351900,357500,363100,368800,374400,380000,385600,391300,396900,402500,408100,413800,419400,425000,430600,436300,441900,447500,453200,458800,464400,470000,475700,481300,486900,492500,498200,503800,509400,515000,520700,526300,531900,537500,543200,548800,554400,560000,565700,571300,576900,582500,588200,593800,599400,605100,610700,616300,621900,627600,633200,638800,644400,650100
1900,174200,180000,185900,191700,197500,203400,209200,215100,220900,226700,232600,238400,244200,250100,255900,261700,267600,273400,279200,285100,290900,296700,302600,308400,314300,320100,325900,331800,337600,343400,349300,355100,360900,366800,372600,378400,384300,390100,395900,401800,407600,413500,419300,425100,431000,436800,442600,448500,454300,460100,466000,471800,477600,483500,489300,495100,501000,506800,512700,518500,524300,530200,536000,541800,547700,553500,559300,565200,571000,576800,582700,588500,594400,600200,606000,611900,617700,623500,629400,635200,641000,646900,652700,658500,664400,670200,676000
2000,182200,188200,194300,200300,206400,212400,218400,224500,230500,236600,242600,248700,254700,260800,266800,272900,278900,284900,291000,297000,303100,309100,315200,321200,327300,333300,339300,345400,351400,357500,363500,369600,375600,381700,387700,393700,399800,405800,411900,417900,424000,430000,436100,442100,448200,454200,460200,466300,472300,478400,484400,490500,496500,502600,508600,514600,520700,526700,532800,538800,544900,550900,557000,563000,569000,575100,581100,587200,593200,599300,605300,611400,617400,623500,629500,635500,641600,647600,653700,659700,665800,671800,677900,683900,689900,696000,702000
2100,190200,196400,202700,208900,215200,221400,227700,233900,240200,246400,252700,258900,265200,271500,277700,284000,290200,296500,302700,309000,315200,321500,327700,334000,340300,346500,352800,359000,365300,371500,377800,384000,390300,396500,402800,409100,415300,421600,427800,434100,440300,446600,452800,459100,465300,471600,477900,484100,490400,496600,502900,509100,515400,521600,527900,534100,540400,546600,552900,559200,565400,571700,577900,584200,590400,596700,602900,609200,615400,621700,628000,634200,640500,646700,653000,659200,665500,671700,678000,684200,690500,696800,703000,709300,715500,721800,728000
2200,198100,204600,211100,217500,224000,230400,236900,243400,249800,256300,262800,269200,275700,282200,288600,295100,301500,308000,314500,320900,327400,333900,340300,346800,353300,359700,366200,372600,379100,385600,392000,398500,405000,411400,417900,424400,430800,437300,443800,450200,456700,463100,469600,476100,482500,489000,495500,501900,508400,514900,521300,527800,534200,540700,547200,553600,560100,566600,573000,579500,586000,592400,598900,605300,611800,618300,624700,631200,637700,644100,650600,657100,663500,670000,676400,682900,689400,695800,702300,708800,715200,721700,728200,734600,741100,747500,754000
2300,206100,212800,219400,226100,232800,239500,246100,252800,259500,266200,272800,279500,286200,292900,299500,306200,312900,319500,326200,332900,339600,346200,352900,359600,366300,372900,379600,386300,393000,399600,406300,413000,419600,426300,433000,439700,446300,453000,459700,466400,473000,479700,486400,493100,499700,506400,513100,519700,526400,533100,539800,546400,553100,559800,566500,573100,579800,586500,593200,599800,606500,613200,619800,626500,633200,639900,646500,653200,659900,666600,673200,679900,686600,693200,699900,706600,713300,719900,726600,733300,740000,746600,753300,760000,766700,773300,780000
2400,214100,221000,227800,234700,241600,248500,255400,262300,269100,276000,282900,289800,296700,303600,310400,317300,324200,331100,338000,344800,351700,358600,365500,372400,379300,386100,393000,399900,406800,413700,420600,427400,434300,441200,448100,455000,461900,468700,475600,482500,489400,496300,503100,510000,516900,523800,530700,537600,544400,551300,558200,565100,572000,578900,585700,592600,599500,606400,613300,620200,627000,633900,640800,647700,654600,661500,668300,675200,682100,689000,695900,702700,709600,716500,723400,730300,737200,744000,750900,757800,764700,771600,778500,785300,792200,799100,806000
2500,222000,229100,236200,243300,250400,257500,264600,271700,278800,285900,293000,300100,307200,314200,321300,328400,335500,342600,349700,356800,363900,371000,378100,385200,392300,399400,406400,413500,420600,427700,434800,441900,449000,456100,463200,470300,477400,484500,491600,498600,505700,512800,519900,527000,534100,541200,548300,555400,562500,569600,576700,583800,590800,597900,605000,612100,619200,626300,633400,640500,647600,654700,661800,668900,676000,683000,690100,697200,704300,711400,718500,725600,732700,739800,746900,754000,761100,768100,775200,782300,789400,796500,803600,810700,817800,824900,832000
2600,230000,237300,244600,251900,259200,266500,273800,281100,288400,295700,303000,310300,317600,324900,332200,339500,346800,354200,361500,368800,376100,383400,390700,398000,405300,412600,419900,427200,434500,441800,449100,456400,463700,471000,478300,485600,492900,500200,507500,514800,522100,529400,536700,544000,551300,558600,565900,573200,580500,587800,595100,602400,609700,617000,624300,631600,638900,646200,653500,660800,668100,675400,682700,690000,697300,704600,711900,719200,726500,733800,741100,748400,755700,763000,770300,777600,785000,792300,799600,806900,814200,821500,828800,836100,843400,850700,858000
2700,238000,245500,253000,260500,268000,275600,283100,290600,298100,305600,313100,320600,328100,335600,343200,350700,358200,365700,373200,380700,388200,395700,403200,410800,418300,425800,433300,440800,448300,455800,463300,470800,478400,485900,493400,500900,508400,515900,523400,530900,538400,546000,553500,561000,568500,576000,583500,591000,598500,606000,613600,621100,628600,636100,643600,651100,658600,666100,673600,681200,688700,696200,703700,711200,718700,726200,733700,741200,748800,756300,763800,771300,778800,786300,793800,801300,808800,816400,823900,831400,838900,846400,853900,861400,868900,876400,884000
2800,246000,253700,261400,269100,276900,284600,292300,300000,307700,315500,323200,330900,338600,346300,354100,361800,369500,377200,384900,392700,400400,408100,415800,423500,431300,439000,446700,454400,462100,469900,477600,485300,493000,500800,508500,516200,523900,531600,539400,547100,554800,562500,570200,578000,585700,593400,601100,608800,616600,624300,632000,639700,647400,655200,662900,670600,678300,686000,693800,701500,709200,716900,724700,732400,740100,747800,755500,763300,771000,778700,786400,794100,801900,809600,817300,825000,832700,840500,848200,855900,863600,871300,879100,886800,894500,902200,909900
2900,253900,261900,269800,277700,285700,293600,301500,309500,317400,325300,333200,341200,349100,357000,365000,372900,380800,388800,396700,404600,412500,420500,428400,436300,444300,452200,460100,468100,476000,483900,491800,499800,507700,515600,523600,531500,539400,547400,555300,563200,571100,579100,587000,594900,602900,610800,618700,626700,634600,642500,650500,658400,666300,674200,682200,690100,698000,706000,713900,721800,729800,737700,745600,753500,761500,769400,777300,785300,793200,801100,809100,817000,824900,832800,840800,848700,856600,864600,872500,880400,888400,896300,904200,912100,920100,928000,935900
3000,261900,270100,278200,286300,294500,302600,310800,318900,327000,335200,343300,351500,359600,367700,375900,384000,392200,400300,408400,416600,424700,432900,441000,449100,457300,465400,473500,481700,489800,498000,506100,514200,522400,530500,538700,546800,554900,563100,571200,579400,587500,595600,603800,611900,620100,628200,636300,644500,652600,660800,668900,677000,685200,693300,701500,709600,717700,725900,734000,742200,750300,758400,766600,774700,782900,791000,799100,807300,815400,823600,831700,839800,848000,856100,864200,872400,880500,888700,896800,904900,913100,921200,929400,937500,945600,953800,961900
3100,269900,278200,286600,294900,303300,311600,320000,328300,336700,345000,353400,361700,370100,378400,386800,395100,403500,411800,420200,428500,436900,445200,453600,461900,470300,478600,487000,495300,503700,512000,520400,528700,537100,545400,553800,562100,570500,578800,587200,595500,603900,612200,620600,628900,637300,645600,653900,662300,670600,679000,687300,695700,704000,712400,720700,729100,737400,745800,754100,762500,770800,779200,787500,795900,804200,812600,820900,829300,837600,846000,854300,862700,871000,879400,887700,896100,904400,912800,921100,929500,937800,946200,954500,962900,971200,979600,987900
3200,277900,286400,295000,303500,312100,320700,329200,337800,346300,354900,363500,372000,380600,389100,397700,406200,414800,423400,431900,440500,449000,457600,466200,474700,483300,491800,500400,508900,517500,526100,534600,543200,551700,560300,568900,577400,586000,594500,603100,611600,620200,628800,637300,645900,654400,663000,671600,680100,688700,697200,705800,714400,722900,731500,740000,748600,757100,765700,774300,782800,791400,799900,808500,817100,825600,834200,842700,851300,859800,868400,877000,885500,894100,902600,911200,919800,928300,936900,945400,954000,962600,971100,979700,988200,996800,1005300,1013900
3300,285800,294600,303400,312100,320900,329700,338400,347200,356000,364800,373500,382300,391100,399800,408600,417400,426100,434900,443700,452400,461200,470000,478700,487500,496300,505000,513800,522600,531300,540100,548900,557600,566400,575200,584000,592700,601500,610300,619000,627800,636600,645300,654100,662900,671600,680400,689200,697900,706700,715500,724200,733000,741800,750500,759300,768100,776800,785600,794400,803200,811900,820700,829500,838200,847000,855800,864500,873300,882100,890800,899600,908400,917100,925900,934700,943400,952200,961000,969700,978500,987300,996100,1004800,1013600,1022400,1031100,1039900
3400,293800,302800,311800,320700,329700,338700,347700,356700,365600,374600,383600,392600,401500,410500,419500,428500,437500,446400,455400,464400,473400,482300,491300,500300,509300,518300,527200,536200,545200,554200,563100,572100,581100,590100,599000,608000,617000,626000,635000,643900,652900,661900,670900,679800,688800,697800,706800,715800,724700,733700,742700,751700,760600,769600,778600,787600,796600,805500,814500,823500,832500,841400,850400,859400,868400,877400,886300,895300,904300,913300,922200,931200,940200,949200,958100,967100,976100,985100,994100,1003000,1012000,1021000,1030000,1038900,1047900,1056900,1065900
3500,301800,311000,320200,329300,338500,347700,356900,366100,375300,384500,393700,402800,412000,421200,430400,439600,448800,458000,467200,476300,485500,494700,503900,513100,522300,531500,540600,549800,559000,568200,577400,586600,595800,605000,614100,623300,632500,641700,650900,660100,669300,678500,687600,696800,706000,715200,724400,733600,742800,752000,761100,770300,779500,788700,797900,807100,816300,825400,834600,843800,853000,862200,871400,880600,889800,898900,908100,917300,926500,935700,944900,954100,963300,972400,981600,990800,1000000,1009200,1018400,1027600,1036700,1045900,1055100,1064300,1073500,1082700,1091900
3600,309800,319200,328600,338000,347300,356700,366100,375500,384900,394300,403700,413100,422500,431900,441300,450700,460100,469500,478900,488300,497700,507100,516500,525900,535300,544700,554100,563500,572900,582300,591700,601100,610400,619800,629200,638600,648000,657400,666800,676200,685600,695000,704400,713800,723200,732600,742000,751400,760800,770200,779600,789000,798400,807800,817200,826600,836000,845400,854800,864200,873500,882900,892300,901700,911100,920500,929900,939300,948700,958100,967500,976900,986300,995700,1005100,1014500,1023900,1033300,1042700,1052100,1061500,1070900,1080300,1089700,1099100,1108500,1117900
3700,317700,327300,336900,346600,356200,365800,375400,385000,394600,404200,413800,423400,433000,442600,452200,461800,471400,481000,490600,500200,509900,519500,529100,538700,548300,557900,567500,577100,586700,596300,605900,615500,625100,634700,644300,653900,663500,673200,682800,692400,702000,711600,721200,730800,740400,750000,759600,769200,778800,788400,798000,807600,817200,826900,836500,846100,855700,865300,874900,884500,894100,903700,913300,922900,932500,942100,951700,961300,970900,980500,990200,999800,1009400,1019000,1028600,1038200,1047800,1057400,1067000,1076600,1086200,1095800,1105400,1115000,1124600,1134200,1143800
3800,325700,335500,345300,355200,365000,374800,384600,394400,404200,414000,423900,433700,443500,453300,463100,472900,482800,492600,502400,512200,522000,531800,541600,551500,561300,571100,580900,590700,600500,610400,620200,630000,639800,649600,659400,669200,679100,688900,698700,708500,718300,728100,738000,747800,757600,767400,777200,787000,796800,806700,816500,826300,836100,845900,855700,865600,875400,885200,895000,904800,914600,924500,934300,944100,953900,963700,973500,983300,993200,1003000,1012800,1022600,1032400,1042200,1052100,1061900,1071700,1081500,1091300,1101100,1110900,1120800,1130600,1140400,1150200,1160000,1169800
3900,333700,343700,353700,363800,373800,383800,393800,403900,413900,423900,433900,444000,454000,464000,474000,484100,494100,504100,514100,524200,534200,544200,554200,564300,574300,584300,594300,604400,614400,624400,634400,644500,654500,664500,674500,684600,694600,704600,714600,724700,734700,744700,754700,764800,774800,784800,794800,804900,814900,824900,834900,845000,855000,865000,875000,885100,895100,905100,915100,925200,935200,945200,955200,965300,975300,985300,995300,1005400,1015400,1025400,1035400,1045500,1055500,1065500,1075500,1085600,1095600,1105600,1115600,1125600,1135700,1145700,1155700,1165700,1175800,1185800,1195800
4000,341700,351900,362100,372400,382600,392800,403100,413300,423500,433800,444000,454200,464500,474700,484900,495200,505400,515600,525900,536100,546300,556600,566800,577000,587300,597500,607800,618000,628200,638500,648700,658900,669200,679400,689600,699900,710100,720300,730600,740800,751000,761300,771500,781700,792000,802200,812400,822700,832900,843100,853400,863600,873800,884100,894300,904500,914800,925000,935300,945500,955700,966000,976200,986400,996700,1006900,1017100,1027400,1037600,1047800,1058100,1068300,1078500,1088800,1099000,1109200,1119500,1129700,1139900,1150200,1160400,1170600,1180900,1191100,1201300,1211600,1221800
4100,349600,360100,370500,381000,391400,401900,412300,422700,433200,443600,454100,464500,475000,485400,495800,506300,516700,527200,537600,548100,558500,569000,579400,589800,600300,610700,621200,631600,642100,652500,662900,673400,683800,694300,704700,715200,725600,736100,746500,756900,767400,777800,788300,798700,809200,819600,830000,840500,850900,861400,871800,882300,892700,903200,913600,924000,934500,944900,955400,965800,976300,986700,997100,1007600,1018000,1028500,1038900,1049400,1059800,1070300,1080700,1091100,1101600,1112000,1122500,1132900,1143400,1153800,1164300,1174700,1185100,1195600,1206000,1216500,1226900,1237400,1247800
4200,357600,368300,378900,389600,400200,410900,421500,432200,442800,453500,464100,474800,485400,496100,506800,517400,528100,538700,549400,560000,570700,581300,592000,602600,613300,623900,634600,645200,655900,666600,677200,687900,698500,709200,719800,730500,741100,751800,762400,773100,783700,794400,805000,815700,826400,837000,847700,858300,869000,879600,890300,900900,911600,922200,932900,943500,954200,964800,975500,986200,996800,1007500,1018100,1028800,1039400,1050100,1060700,1071400,1082000,1092700,1103300,1114000,1124600,1135300,1146000,1156600,1167300,1177900,1188600,1199200,1209900,1220500,1231200,1241800,1252500,1263100,1273800
4300,365600,376400,387300,398200,409000,419900,430800,441600,452500,463300,474200,485100,495900,506800,517700,528500,539400,550200,561100,572000,582800,593700,604600,615400,626300,637200,648000,658900,669700,680600,691500,702300,713200,724100,734900,745800,756600,767500,778400,789200,800100,811000,821800,832700,843500,854400,865300,876100,887000,897900,908700,919600,930400,941300,952200,963000,973900,984800,995600,1006500,1017300,1028200,1039100,1049900,1060800,1071700,1082500,1093400,1104200,1115100,1126000,1136800,1147700,1158600,1169400,1180300,1191200,1202000,1212900,1223700,1234600,1245500,1256300,1267200,1278100,1288900,1299800
4400,373600,384600,395700,406800,417800,428900,440000,451100,462100,473200,484300,495300,506400,517500,528600,539600,550700,561800,572900,583900,595000,606100,617100,628200,639300,650400,661400,672500,683600,694600,705700,716800,727900,738900,750000,761100,772200,783200,794300,805400,816400,827500,838600,849700,860700,871800,882900,894000,905000,916100,927200,938200,949300,960400,971500,982500,993600,1004700,1015700,1026800,1037900,1049000,1060000,1071100,1082200,1093300,1104300,1115400,1126500,1137500,1148600,1159700,1170800,1181800,1192900,1204000,1215000,1226100,1237200,1248300,1259300,1270400,1281500,1292600,1303600,1314700,1325800
4500,381500,392800,404100,415400,426700,437900,449200,460500,471800,483100,494300,505600,516900,528200,539500,550800,562000,573300,584600,595900,607200,618400,629700,641000,652300,663600,674900,686100,697400,708700,720000,731300,742500,753800,765100,776400,787700,799000,810200,821500,832800,844100,855400,866600,877900,889200,900500,911800,923100,934300,945600,956900,968200,979500,990700,1002000,1013300,1024600,1035900,1047200,1058400,1069700,1081000,1092300,1103600,1114800,1126100,1137400,1148700,1160000,1171200,1182500,1193800,1205100,1216400,1227700,1238900,1250200,1261500,1272800,1284100,1295300,1306600,1317900,1329200,1340500,1351800
4600,389500,401000,412500,424000,435500,447000,458400,469900,481400,492900,504400,515900,527400,538900,550400,561900,573400,584900,596300,607800,619300,630800,642300,653800,665300,676800,688300,699800,711300,722700,734200,745700,757200,768700,780200,791700,803200,814700,826200,837700,849200,860600,872100,883600,895100,906600,918100,929600,941100,952600,964100,975600,987000,998500,1010000,1021500,1033000,1044500,1056000,1067500,1079000,1090500,1102000,1113400,1124900,1136400,1147900,1159400,1170900,1182400,1193900,1205400,1216900,1228400,1239900,1251300,1262800,1274300,1285800,1297300,1308800,1320300,1331800,1343300,1354800,1366300,1377700
4700,397500,409200,420900,432600,444300,456000,467700,479400,491100,502800,514500,526200,537900,549600,561300,573000,584700,596400,608100,619800,631500,643200,654900,666600,678300,690000,701700,713400,725100,736800,748500,760200,771900,783600,795300,807000,818700,830400,842100,853800,865500,877200,888900,900600,912300,924000,935700,947400,959100,970800,982500,994200,1005900,1017600,1029300,1041000,1052700,1064400,1076100,1087800,1099500,1111200,1122900,1134600,1146300,1158000,1169700,1181400,1193100,1204800,1216500,1228200,1239900,1251600,1263300,1275000,1286700,1298400,1310100,1321800,1333500,1345200,1356900,1368600,1380300,1392000,1403700
4800,405500,417400,429300,441200,453100,465000,476900,488800,500700,512600,524600,536500,548400,560300,572200,584100,596000,607900,619800,631700,643700,655600,667500,679400,691300,703200,715100,727000,738900,750800,762800,774700,786600,798500,810400,822300,834200,846100,858000,869900,881900,893800,905700,917600,929500,941400,953300,965200,977100,989000,1001000,1012900,1024800,1036700,1048600,1060500,1072400,1084300,1096200,1108100,1120100,1132000,1143900,1155800,1167700,1179600,1191500,1203400,1215300,1227300,1239200,1251100,1263000,1274900,1286800,1298700,1310600,1322500,1334400,1346400,1358300,1370200,1382100,1394000,1405900,1417800,1429700
4900,413400,425500,437700,449800,461900,474000,486100,498300,510400,522500,534600,546700,558900,571000,583100,595200,607300,619500,631600,643700,655800,667900,680100,692200,704300,716400,728500,740700,752800,764900,777000,789100,801300,813400,825500,837600,849700,861900,874000,886100,898200,910300,922400,934600,946700,958800,970900,983000,995200,1007300,1019400,1031500,1043600,1055800,1067900,1080000,1092100,1104200,1116400,1128500,1140600,1152700,1164800,1177000,1189100,1201200,1213300,1225400,1237600,1249700,1261800,1273900,1286000,1298200,1310300,1322400,1334500,1346600,1358800,1370900,1383000,1395100,1407200,1419400,1431500,1443600,1455700
5000,421400,433700,446100,458400,470700,483000,495400,507700,520000,532400,544700,557000,569300,581700,594000,606300,618700,631000,643300,655700,668000,680300,692600,705000,717300,729600,742000,754300,766600,778900,791300,803600,815900,828300,840600,852900,865200,877600,889900,902200,914600,926900,939200,951600,963900,976200,988500,1000900,1013200,1025500,1037900,1050200,1062500,1074800,1087200,1099500,1111800,1124200,1136500,1148800,1161100,1173500,1185800,1198100,1210500,1222800,1235100,1247400,1259800,1272100,1284400,1296800,1309100,1321400,1333800,1346100,1358400,1370700,1383100,1395400,1407700,1420100,1432400,1444700,1457000,1469400,1481700
5100,429400,441900,454400,467000,479500,492100,504600,517100,529700,542200,554800,567300,579800,592400,604900,617500,630000,642500,655100,667600,680100,692700,705200,717800,730300,742800,755400,767900,780500,793000,805500,818100,830600,843100,855700,868200,880800,893300,905800,918400,930900,943500,956000,968500,981100,993600,1006100,1018700,1031200,1043800,1056300,1068800,1081400,1093900,1106500,1119000,1131500,1144100,1156600,1169100,1181700,1194200,1206800,1219300,1231800,1244400,1256900,1269500,1282000,1294500,1307100,1319600,1332200,1344700,1357200,1369800,1382300,1394800,1407400,1419900,1432500,1445000,1457500,1470100,1482600,1495200,1507700
5200,437300,450100,462800,475600,488300,501100,513800,526600,539300,552100,564800,577600,590300,603100,615800,628600,641300,654100,666800,679600,692300,705100,717800,730600,743300,756000,768800,781500,794300,807000,819800,832500,845300,858000,870800,883500,896300,909000,921800,934500,947300,960000,972800,985500,998300,1011000,1023800,1036500,1049300,1062000,1074700,1087500,1100200,1113000,1125700,1138500,1151200,1164000,1176700,1189500,1202200,1215000,1227700,1240500,1253200,1266000,1278700,1291500,1304200,1317000,1329700,1342500,1355200,1368000,1380700,1393500,1406200,1418900,1431700,1444400,1457200,1469900,1482700,1495400,1508200,1520900,1533700
5300,445300,458300,471200,484200,497200,510100,523100,536000,549000,561900,574900,587900,600800,613800,626700,639700,652600,665600,678600,691500,704500,717400,730400,743300,756300,769300,782200,795200,808100,821100,834000,847000,860000,872900,885900,898800,911800,924700,937700,950700,963600,976600,989500,1002500,1015500,1028400,1041400,1054300,1067300,1080200,1093200,1106200,1119100,1132100,1145000,1158000,1170900,1183900,1196900,1209800,1222800,1235700,1248700,1261600,1274600,1287600,1300500,1313500,1326400,1339400,1352300,1365300,1378300,1391200,1404200,1417100,1430100,1443100,1456000,1469000,1481900,1494900,1507800,1520800,1533800,1546700,1559700
5400,453300,466500,479600,492800,506000,519100,532300,545500,558600,571800,585000,598100,611300,624500,637600,650800,664000,677100,690300,703500,716600,729800,743000,756100,769300,782500,795600,808800,822000,835100,848300,861500,874600,887800,901000,914100,927300,940500,953600,966800,980000,993100,1006300,1019500,1032600,1045800,1059000,1072100,1085300,1098500,1111600,1124800,1138000,1151100,1164300,1177500,1190600,1203800,1217000,1230100,1243300,1256500,1269600,1282800,1296000,1309100,1322300,1335500,1348700,1361800,1375000,1388200,1401300,1414500,1427700,1440800,1454000,1467200,1480300,1493500,1506700,1519800,1533000,1546200,1559300,1572500,1585700
5500,461300,474600,488000,501400,514800,528200,541500,554900,568300,581700,595000,608400,621800,635200,648500,661900,675300,688700,702000,715400,728800,742200,755600,768900,782300,795700,809100,822400,835800,849200,862600,875900,889300,902700,916100,929400,942800,956200,969600,983000,996300,1009700,1023100,1036500,1049800,1063200,1076600,1090000,1103300,1116700,1130100,1143500,1156800,1170200,1183600,1197000,1210400,1223700,1237100,1250500,1263900,1277200,1290600,1304000,1317400,1330700,1344100,1357500,1370900,1384200,1397600,1411000,1424400,1437800,1451100,1464500,1477900,1491300,1504600,1518000,1531400,1544800,1558100,1571500,1584900,1598300,1611600
5600,469200,482800,496400,510000,523600,537200,550800,564300,577900,591500,605100,618700,632300,645900,659400,673000,686600,700200,713800,727400,741000,754500,768100,781700,795300,808900,822500,836100,849600,863200,876800,890400,904000,917600,931200,944800,958300,971900,985500,999100,1012700,1026300,1039900,1053400,1067000,1080600,1094200,1107800,1121400,1135000,1148500,1162100,1175700,1189300,1202900,1216500,1230100,1243600,1257200,1270800,1284400,1298000,1311600,1325200,1338700,1352300,1365900,1379500,1393100,1406700,1420300,1433800,1447400,1461000,1474600,1488200,1501800,1515400,1528900,1542500,1556100,1569700,1583300,1596900,1610500,1624000,1637600
5700,477200,491000,504800,518600,532400,546200,560000,573800,587600,601400,615200,629000,642800,656600,670400,684100,697900,711700,725500,739300,753100,766900,780700,794500,808300,822100,835900,849700,863500,877300,891100,904900,918700,932500,946300,960100,973900,987600,1001400,1015200,1029000,1042800,1056600,1070400,1084200,1098000,1111800,1125600,1139400,1153200,1167000,1180800,1194600,1208400,1222200,1236000,1249800,1263600,1277400,1291100,1304900,1318700,1332500,1346300,1360100,1373900,1387700,1401500,1415300,1429100,1442900,1456700,1470500,1484300,1498100,1511900,1525700,1539500,1553300,1567100,1580900,1594600,1608400,1622200,1636000,1649800,1663600
5800,485200,499200,513200,527200,541200,555200,569200,583200,597200,611200,625200,639200,653200,667300,681300,695300,709300,723300,737300,751300,765300,779300,793300,807300,821300,835300,849300,863300,877300,891300,905300,919300,933300,947400,961400,975400,989400,1003400,1017400,1031400,1045400,1059400,1073400,1087400,1101400,1115400,1129400,1143400,1157400,1171400,1185400,1199400,1213400,1227500,1241500,1255500,1269500,1283500,1297500,1311500,1325500,1339500,1353500,1367500,1381500,1395500,1409500,1423500,1437500,1451500,1465500,1479500,1493500,1507500,1521600,1535600,1549600,1563600,1577600,1591600,1605600,1619600,1633600,1647600,1661600,1675600,1689600
5900,493200,507400,521600,535800,550000,564200,578500,592700,606900,621100,635300,649500,663700,678000,692200,706400,720600,734800,749000,763200,777500,791700,805900,820100,834300,848500,862700,877000,891200,905400,919600,933800,948000,962200,976500,990700,1004900,1019100,1033300,1047500,1061700,1076000,1090200,1104400,1118600,1132800,1147000,1161200,1175500,1189700,1203900,1218100,1232300,1246500,1260700,1275000,1289200,1303400,1317600,1331800,1346000,1360200,1374500,1388700,1402900,1417100,1431300,1445500,1459700,1474000,1488200,1502400,1516600,1530800,1545000,1559200,1573500,1587700,1601900,1616100,1630300,1644500,1658700,1673000,1687200,1701400,1715600
6000,501100,515600,530000,544400,558800,573300,587700,602100,616500,631000,645400,659800,674200,688600,703100,717500,731900,746300,760800,775200,789600,804000,818500,832900,847300,861700,876200,890600,905000,919400,933900,948300,962700,977100,991500,1006000,1020400,1034800,1049200,1063700,1078100,1092500,1106900,1121400,1135800,1150200,1164600,1179100,1193500,1207900,1222300,1236800,1251200,1265600,1280000,1294500,1308900,1323300,1337700,1352100,1366600,1381000,1395400,1409800,1424300,1438700,1453100,1467500,1482000,1496400,1510800,1525200,1539700,1554100,1568500,1582900,1597400,1611800,1626200,1640600,1655000,1669500,1683900,1698300,1712700,1727200,1741600
6100,509100,523700,538400,553000,567600,582300,596900,611500,626200,640800,655400,670100,684700,699300,714000,728600,743200,757900,772500,787100,801800,816400,831000,845700,860300,874900,889600,904200,918800,933500,948100,962700,977400,992000,1006600,1021300,1035900,1050500,1065200,1079800,1094400,1109100,1123700,1138300,1153000,1167600,1182200,1196900,1211500,1226100,1240800,1255400,1270000,1284700,1299300,1313900,1328600,1343200,1357800,1372500,1387100,1401700,1416400,1431000,1445600,1460300,1474900,1489500,1504200,1518800,1533400,1548100,1562700,1577300,1592000,1606600,1621200,1635900,1650500,1665100,1679800,1694400,1709000,1723700,1738300,1752900,1767600
6200,517100,531900,546800,561600,576500,591300,606100,621000,635800,650700,665500,680400,695200,710000,724900,739700,754600,769400,784300,799100,813900,828800,843600,858500,873300,888200,903000,917800,932700,947500,962400,977200,992100,1006900,1021700,1036600,1051400,1066300,1081100,1096000,1110800,1125600,1140500,1155300,1170200,1185000,1199900,1214700,1229500,1244400,1259200,1274100,1288900,1303800,1318600,1333400,1348300,1363100,1378000,1392800,1407700,1422500,1437300,1452200,1467000,1481900,1496700,1511600,1526400,1541200,1556100,1570900,1585800,1600600,1615500,1630300,1645100,1660000,1674800,1689700,1704500,1719400,1734200,1749000,1763900,1778700,1793600
6300,525100,540100,555200,570200,585300,600300,615400,630400,645500,660500,675600,690600,705700,720700,735800,750800,765900,780900,796000,811100,826100,841200,856200,871300,886300,901400,916400,931500,946500,961600,976600,991700,1006700,1021800,1036800,1051900,1066900,1082000,1097000,1112100,1127200,1142200,1157300,1172300,1187400,1202400,1217500,1232500,1247600,1262600,1277700,1292700,1307800,1322800,1337900,1352900,1368000,1383000,1398100,1413100,1428200,1443200,1458300,1473400,1488400,1503500,1518500,1533600,1548600,1563700,1578700,1593800,1608800,1623900,1638900,1654000,1669000,1684100,1699100,1714200,1729200,1744300,1759300,1774400,1789500,1804500,1819600
6400,533000,548300,563600,578800,594100,609300,624600,639900,655100,670400,685700,700900,716200,731400,746700,762000,777200,792500,807700,823000,838300,853500,868800,884100,899300,914600,929800,945100,960400,975600,990900,1006100,1021400,1036700,1051900,1067200,1082500,1097700,1113000,1128200,1143500,1158800,1174000,1189300,1204600,1219800,1235100,1250300,1265600,1280900,1296100,1311400,1326600,1341900,1357200,1372400,1387700,1403000,1418200,1433500,1448700,1464000,1479300,1494500,1509800,1525000,1540300,1555600,1570800,1586100,1601400,1616600,1631900,1647100,1662400,1677700,1692900,1708200,1723500,1738700,1754000,1769200,1784500,1799800,1815000,1830300,1845500
6500,541000,556500,572000,587400,602900,618400,633800,649300,664800,680300,695700,711200,726700,742100,757600,773100,788500,804000,819500,835000,850400,865900,881400,896800,912300,927800,943300,958700,974200,989700,1005100,1020600,1036100,1051600,1067000,1082500,1098000,1113400,1128900,1144400,1159900,1175300,1190800,1206300,1221700,1237200,1252700,1268200,1283600,1299100,1314600,1330000,1345500,1361000,1376500,1391900,1407400,1422900,1438300,1453800,1469300,1484800,1500200,1515700,1531200,1546600,1562100,1577600,1593100,1608500,1624000,1639500,1654900,1670400,1685900,1701400,1716800,1732300,1747800,1763200,1778700,1794200,1809600,1825100,1840600,1856100,1871500
6600,549000,564700,580300,596000,611700,627400,643100,658700,674400,690100,705800,721500,737200,752800,768500,784200,799900,815600,831200,846900,862600,878300,894000,909600,925300,941000,956700,972400,988000,1003700,1019400,1035100,1050800,1066400,1082100,1097800,1113500,1129200,1144800,1160500,1176200,1191900,1207600,1223300,1238900,1254600,1270300,1286000,1301700,1317300,1333000,1348700,1364400,1380100,1395700,1411400,1427100,1442800,1458500,1474100,1489800,1505500,1521200,1536900,1552500,1568200,1583900,1599600,1615300,1631000,1646600,1662300,1678000,1693700,1709400,1725000,1740700,1756400,1772100,1787800,1803400,1819100,1834800,1850500,1866200,1881800,1897500
6700,557000,572800,588700,604600,620500,636400,652300,668200,684100,700000,715900,731700,747600,763500,779400,795300,811200,827100,843000,858900,874800,890700,906500,922400,938300,954200,970100,986000,1001900,1017800,1033700,1049600,1065400,1081300,1097200,1113100,1129000,1144900,1160800,1176700,1192600,1208500,1224300,1240200,1256100,1272000,1287900,1303800,1319700,1335600,1351500,1367400,1383200,1399100,1415000,1430900,1446800,1462700,1478600,1494500,1510400,1526300,1542100,1558000,1573900,1589800,1605700,1621600,1637500,1653400,1669300,1685200,1701000,1716900,1732800,1748700,1764600,1780500,1796400,1812300,1828200,1844100,1860000,1875800,1891700,1907600,1923500
6800,564900,581000,597100,613200,629300,645400,661500,677600,693700,709800,725900,742000,758100,774200,790300,806400,822500,838600,854700,870800,886900,903000,919100,935200,951300,967400,983500,999600,1015700,1031800,1047900,1064000,1080100,1096200,1112300,1128400,1144500,1160600,1176700,1192800,1208900,1225000,1241100,1257200,1273300,1289400,1305500,1321600,1337700,1353800,1369900,1386000,1402100,1418200,1434300,1450400,1466500,1482600,1498700,1514800,1530900,1547000,1563100,1579200,1595300,1611400,1627500,1643600,1659700,1675800,1691900,1708000,1724100,1740200,1756300,1772400,1788500,1804600,1820700,1836800,1852900,1869000,1885100,1901200,1917300,1933400,1949500
6900,572900,589200,605500,621800,638100,654500,670800,687100,703400,719700,736000,752300,768600,784900,801200,817500,833900,850200,866500,882800,899100,915400,931700,948000,964300,980600,996900,1013300,1029600,1045900,1062200,1078500,1094800,1111100,1127400,1143700,1160000,1176300,1192700,1209000,1225300,1241600,1257900,1274200,1290500,1306800,1323100,1339400,1355700,1372100,1388400,1404700,1421000,1437300,1453600,1469900,1486200,1502500,1518800,1535100,1551500,1567800,1584100,1600400,1616700,1633000,1649300,1665600,1681900,1698200,1714500,1730900,1747200,1763500,1779800,1796100,1812400,1828700,1845000,1861300,1877600,1893900,1910300,1926600,1942900,1959200,1975500
7000,580900,597400,613900,630400,647000,663500,680000,696500,713000,729500,746100,762600,779100,795600,812100,828700,845200,861700,878200,894700,911300,927800,944300,960800,977300,993800,1010400,1026900,1043400,1059900,1076400,1093000,1109500,1126000,1142500,1159000,1175500,1192100,1208600,1225100,1241600,1258100,1274700,1291200,1307700,1324200,1340700,1357300,1373800,1390300,1406800,1423300,1439800,1456400,1472900,1489400,1505900,1522400,1539000,1555500,1572000,1588500,1605000,1621600,1638100,1654600,1671100,1687600,1704100,1720700,1737200,1753700,1770200,1786700,1803300,1819800,1836300,1852800,1869300,1885800,1902400,1918900,1935400,1951900,1968400,1985000,2001500
7100,588900,605600,622300,639000,655800,672500,689200,705900,722700,739400,756100,772900,789600,806300,823000,839800,856500,873200,890000,906700,923400,940100,956900,973600,990300,1007100,1023800,1040500,1057200,1074000,1090700,1107400,1124200,1140900,1157600,1174300,1191100,1207800,1224500,1241200,1258000,1274700,1291400,1308200,1324900,1341600,1358300,1375100,1391800,1408500,1425300,1442000,1458700,1475400,1492200,1508900,1525600,1542400,1559100,1575800,1592500,1609300,1626000,1642700,1659400,1676200,1692900,1709600,1726400,1743100,1759800,1776500,1793300,1810000,1826700,1843500,1860200,1876900,1893600,1910400,1927100,1943800,1960600,1977300,1994000,2010700,2027500
7200,596800,613800,630700,647600,664600,681500,698500,715400,732300,749300,766200,783100,800100,817000,834000,850900,867800,884800,901700,918600,935600,952500,969500,986400,1003300,1020300,1037200,1054100,1071100,1088000,1105000,1121900,1138800,1155800,1172700,1189600,1206600,1223500,1240500,1257400,1274300,1291300,1308200,1325100,1342100,1359000,1376000,1392900,1409800,1426800,1443700,1460600,1477600,1494500,1511500,1528400,1545300,1562300,1579200,1596100,1613100,1630000,1647000,1663900,1680800,1697800,1714700,1731600,1748600,1765500,1782500,1799400,1816300,1833300,1850200,1867100,1884100,1901000,1918000,1934900,1951800,1968800,1985700,2002600,2019600,2036500,2053500
7300,604800,621900,639100,656200,673400,690500,707700,724800,742000,759100,776300,793400,810600,827700,844900,862000,879200,896300,913400,930600,947700,964900,982000,999200,1016300,1033500,1050600,1067800,1084900,1102100,1119200,1136400,1153500,1170700,1187800,1204900,1222100,1239200,1256400,1273500,1290700,1307800,1325000,1342100,1359300,1376400,1393600,1410700,1427900,1445000,1462200,1479300,1496400,1513600,1530700,1547900,1565000,1582200,1599300,1616500,1633600,1650800,1667900,1685100,1702200,1719400,1736500,1753700,1770800,1787900,1805100,1822200,1839400,1856500,1873700,1890800,1908000,1925100,1942300,1959400,1976600,1993700,2010900,2028000,2045200,2062300,2079400
7400,612800,630100,647500,664800,682200,699600,716900,734300,751600,769000,786300,803700,821100,838400,855800,873100,890500,907800,925200,942500,959900,977300,994600,1012000,1029300,1046700,1064000,1081400,1098800,1116100,1133500,1150800,1168200,1185500,1202900,1220300,1237600,1255000,1272300,1289700,1307000,1324400,1341700,1359100,1376500,1393800,1411200,1428500,1445900,1463200,1480600,1498000,1515300,1532700,1550000,1567400,1584700,1602100,1619500,1636800,1654200,1671500,1688900,1706200,1723600,1740900,1758300,1775700,1793000,1810400,1827700,1845100,1862400,1879800,1897200,1914500,1931900,1949200,1966600,1983900,2001300,2018700,2036000,2053400,2070700,2088100,2105400
7500,620700,638300,655900,673400,691000,708600,726100,743700,761300,778800,796400,814000,831500,849100,866700,884200,901800,919400,936900,954500,972100,989600,1007200,1024800,1042300,1059900,1077500,1095000,1112600,1130200,1147700,1165300,1182900,1200400,1218000,1235600,1253100,1270700,1288300,1305800,1323400,1341000,1358500,1376100,1393700,1411200,1428800,1446400,1463900,1481500,1499000,1516600,1534200,1551700,1569300,1586900,1604400,1622000,1639600,1657100,1674700,1692300,1709800,1727400,1745000,1762500,1780100,1797700,1815200,1832800,1850400,1867900,1885500,1903100,1920600,1938200,1955800,1973300,1990900,2008500,2026000,2043600,2061200,2078700,2096300,2113900,2131400
7600,628700,646500,664300,682000,699800,717600,735400,753200,770900,788700,806500,824300,842000,859800,877600,895400,913100,930900,948700,966500,984200,1002000,1019800,1037600,1055300,1073100,1090900,1108700,1126400,1144200,1162000,1179800,1197500,1215300,1233100,1250900,1268600,1286400,1304200,1322000,1339700,1357500,1375300,1393100,1410800,1428600,1446400,1464200,1481900,1499700,1517500,1535300,1553000,1570800,1588600,1606400,1624100,1641900,1659700,1677500,1695300,1713000,1730800,1748600,1766400,1784100,1801900,1819700,1837500,1855200,1873000,1890800,1908600,1926300,1944100,1961900,1979700,1997400,2015200,2033000,2050800,2068500,2086300,2104100,2121900,2139600,2157400
7700,636700,654700,672700,690700,708600,726600,744600,762600,780600,798600,816500,834500,852500,870500,888500,906500,924500,942400,960400,978400,996400,1014400,1032400,1050400,1068300,1086300,1104300,1122300,1140300,1158300,1176200,1194200,1212200,1230200,1248200,1266200,1284200,1302100,1320100,1338100,1356100,1374100,1392100,1410000,1428000,1446000,1464000,1482000,1500000,1518000,1535900,1553900,1571900,1589900,1607900,1625900,1643900,1661800,1679800,1697800,1715800,1733800,1751800,1769700,1787700,1805700,1823700,1841700,1859700,1877700,1895600,1913600,1931600,1949600,1967600,1985600,2003600,2021500,2039500,2057500,2075500,2093500,2111500,2129400,2147400,2165400,2183400
7800,644700,662900,681100,699300,717400,735600,753800,772000,790200,808400,826600,844800,863000,881200,899400,917600,935800,954000,972200,990400,1008600,1026800,1044900,1063100,1081300,1099500,1117700,1135900,1154100,1172300,1190500,1208700,1226900,1245100,1263300,1281500,1299700,1317900,1336100,1354300,1372400,1390600,1408800,1427000,1445200,1463400,1481600,1499800,1518000,1536200,1554400,1572600,1590800,1609000,1627200,1645400,1663600,1681800,1699900,1718100,1736300,1754500,1772700,1790900,1809100,1827300,1845500,1863700,1881900,1900100,1918300,1936500,1954700,1972900,1991100,2009300,2027400,2045600,2063800,2082000,2100200,2118400,2136600,2154800,2173000,2191200,2209400
7900,652600,671000,689500,707900,726300,744700,763100,781500,799900,818300,836700,855100,873500,891900,910300,928700,947100,965500,983900,1002300,1020700,1039100,1057500,1075900,1094300,1112700,1131100,1149500,1168000,1186400,1204800,1223200,1241600,1260000,1278400,1296800,1315200,1333600,1352000,1370400,1388800,1407200,1425600,1444000,1462400,1480800,1499200,1517600,1536000,1554400,1572800,1591200,1609600,1628100,1646500,1664900,1683300,1701700,1720100,1738500,1756900,1775300,1793700,1812100,1830500,1848900,1867300,1885700,1904100,1922500,1940900,1959300,1977700,1996100,2014500,2032900,2051300,2069700,2088100,2106600,2125000,2143400,2161800,2180200,2198600,2217000,2235400
8000,660600,679200,697800,716500,735100,753700,772300,790900,809500,828100,846800,865400,884000,902600,921200,939800,958400,977000,995700,1014300,1032900,1051500,1070100,1088700,1107300,1126000,1144600,1163200,1181800,1200400,1219000,1237600,1256200,1274900,1293500,1312100,1330700,1349300,1367900,1386500,1405200,1423800,1442400,1461000,1479600,1498200,1516800,1535400,1554100,1572700,1591300,1609900,1628500,1647100,1665700,1684400,1703000,1721600,1740200,1758800,1777400,1796000,1814600,1833300,1851900,1870500,1889100,1907700,1926300,1944900,1963600,1982200,2000800,2019400,2038000,2056600,2075200,2093800,2112500,2131100,2149700,2168300,2186900,2205500,2224100,2242800,2261400
8100,668600,687400,706200,725100,743900,762700,781500,800400,819200,838000,856800,875600,894500,913300,932100,950900,969800,988600,1007400,1026200,1045000,1063900,1082700,1101500,1120300,1139200,1158000,1176800,1195600,1214500,1233300,1252100,1270900,1289700,1308600,1327400,1346200,1365000,1383900,1402700,1421500,1440300,1459200,1478000,1496800,1515600,1534400,1553300,1572100,1590900,1609700,1628600,1647400,1666200,1685000,1703800,1722700,1741500,1760300,1779100,1798000,1816800,1835600,1854400,1873300,1892100,1910900,1929700,1948500,1967400,1986200,2005000,2023800,2042700,2061500,2080300,2099100,2118000,2136800,2155600,2174400,2193200,2212100,2230900,2249700,2268500,2287400
8200,676600,695600,714600,733700,752700,771700,790800,809800,828800,847900,866900,885900,905000,924000,943000,962100,981100,1000100,1019100,1038200,1057200,1076200,1095300,1114300,1133300,1152400,1171400,1190400,1209500,1228500,1247500,1266600,1285600,1304600,1323700,1342700,1361700,1380800,1399800,1418800,1437900,1456900,1475900,1495000,1514000,1533000,1552100,1571100,1590100,1609100,1628200,1647200,1666200,1685300,1704300,1723300,1742400,1761400,1780400,1799500,1818500,1837500,1856600,1875600,1894600,1913700,1932700,1951700,1970800,1989800,2008800,2027900,2046900,2065900,2085000,2104000,2123000,2142100,2161100,2180100,2199200,2218200,2237200,2256200,2275300,2294300,2313300
8300,684500,703800,723000,742300,761500,780800,800000,819200,838500,857700,877000,896200,915400,934700,953900,973200,992400,1011700,1030900,1050100,1069400,1088600,1107900,1127100,1146300,1165600,1184800,1204100,1223300,1242600,1261800,1281000,1300300,1319500,1338800,1358000,1377200,1396500,1415700,1435000,1454200,1473500,1492700,1511900,1531200,1550400,1569700,1588900,1608100,1627400,1646600,1665900,1685100,1704400,1723600,1742800,1762100,1781300,1800600,1819800,1839000,1858300,1877500,1896800,1916000,1935300,1954500,1973700,1993000,2012200,2031500,2050700,2069900,2089200,2108400,2127700,2146900,2166200,2185400,2204600,2223900,2243100,2262400,2281600,2300900,2320100,2339300
8400,692500,712000,731400,750900,770300,789800,809200,828700,848100,867600,887000,906500,925900,945400,964800,984300,1003700,1023200,1042600,1062100,1081500,1101000,1120400,1139900,1159300,1178800,1198200,1217700,1237200,1256600,1276100,1295500,1315000,1334400,1353900,1373300,1392800,1412200,1431700,1451100,1470600,1490000,1509500,1528900,1548400,1567800,1587300,1606700,1626200,1645600,1665100,1684500,1704000,1723400,1742900,1762300,1781800,1801200,1820700,1840100,1859600,1879000,1898500,1917900,1937400,1956800,1976300,1995700,2015200,2034700,2054100,2073600,2093000,2112500,2131900,2151400,2170800,2190300,2209700,2229200,2248600,2268100,2287500,2307000,2326400,2345900,2365300
8500,700500,720200,739800,759500,779100,798800,818500,838100,857800,877400,897100,916800,936400,956100,975700,995400,1015100,1034700,1054400,1074000,1093700,1113400,1133000,1152700,1172300,1192000,1211700,1231300,1251000,1270700,1290300,1310000,1329600,1349300,1369000,1388600,1408300,1427900,1447600,1467300,1486900,1506600,1526200,1545900,1565600,1585200,1604900,1624500,1644200,1663900,1683500,1703200,1722800,1742500,1762200,1781800,1801500,1821200,1840800,1860500,1880100,1899800,1919500,1939100,1958800,1978400,1998100,2017800,2037400,2057100,2076700,2096400,2116100,2135700,2155400,2175000,2194700,2214400,2234000,2253700,2273300,2293000,2312700,2332300,2352000,2371700,2391300
8600,708500,728300,748200,768100,787900,807800,827700,847600,867400,887300,907200,927000,946900,966800,986600,1006500,1026400,1046300,1066100,1086000,1105900,1125700,1145600,1165500,1185300,1205200,1225100,1245000,1264800,1284700,1304600,1324400,1344300,1364200,1384100,1403900,1423800,1443700,1463500,1483400,1503300,1523100,1543000,1562900,1582800,1602600,1622500,1642400,1662200,1682100,1702000,1721800,1741700,1761600,1781500,1801300,1821200,1841100,1860900,1880800,1900700,1920500,1940400,1960300,1980200,2000000,2019900,2039800,2059600,2079500,2099400,2119200,2139100,2159000,2178900,2198700,2218600,2238500,2258300,2278200,2298100,2317900,2337800,2357700,2377600,2397400,2417300
8700,716400,736500,756600,776700,796800,816800,836900,857000,877100,897200,917200,937300,957400,977500,997600,1017600,1037700,1057800,1077900,1098000,1118000,1138100,1158200,1178300,1198300,1218400,1238500,1258600,1278700,1298700,1318800,1338900,1359000,1379100,1399100,1419200,1439300,1459400,1479500,1499500,1519600,1539700,1559800,1579900,1599900,1620000,1640100,1660200,1680300,1700300,1720400,1740500,1760600,1780700,1800700,1820800,1840900,1861000,1881100,1901100,1921200,1941300,1961400,1981500,2001500,2021600,2041700,2061800,2081900,2101900,2122000,2142100,2162200,2182300,2202300,2222400,2242500,2262600,2282700,2302700,2322800,2342900,2363000,2383100,2403100,2423200,2443300
8800,724400,744700,765000,785300,805600,825900,846100,866400,886700,907000,927300,947600,967900,988200,1008500,1028700,1049000,1069300,1089600,1109900,1130200,1150500,1170800,1191100,1211400,1231600,1251900,1272200,1292500,1312800,1333100,1353400,1373700,1394000,1414200,1434500,1454800,1475100,1495400,1515700,1536000,1556300,1576600,1596800,1617100,1637400,1657700,1678000,1698300,1718600,1738900,1759200,1779400,1799700,1820000,1840300,1860600,1880900,1901200,1921500,1941800,1962000,1982300,2002600,2022900,2043200,2063500,2083800,2104100,2124400,2144700,2164900,2185200,2205500,2225800,2246100,2266400,2286700,2307000,2327300,2347500,2367800,2388100,2408400,2428700,2449000,2469300
8900,732400,752900,773400,793900,814400,834900,855400,875900,896400,916900,937400,957900,978400,998900,1019400,1039900,1060400,1080900,1101400,1121900,1142400,1162900,1183400,1203900,1224400,1244900,1265300,1285800,1306300,1326800,1347300,1367800,1388300,1408800,1429300,1449800,1470300,1490800,1511300,1531800,1552300,1572800,1593300,1613800,1634300,1654800,1675300,1695800,1716300,1736800,1757300,1777800,1798300,1818800,1839300,1859800,1880300,1900800,1921300,1941800,1962300,1982800,2003300,2023800,2044300,2064800,2085300,2105800,2126300,2146800,2167300,2187800,2208300,2228800,2249300,2269800,2290300,2310800,2331300,2351800,2372300,2392800,2413300,2433800,2454300,2474800,2495300
9000,740400,761100,781800,802500,823200,843900,864600,885300,906000,926700,947400,968100,988900,1009600,1030300,1051000,1071700,1092400,1113100,1133800,1154500,1175200,1195900,1216600,1237400,1258100,1278800,1299500,1320200,1340900,1361600,1382300,1403000,1423700,1444400,1465100,1485900,1506600,1527300,1548000,1568700,1589400,1610100,1630800,1651500,1672200,1692900,1713600,1734300,1755100,1775800,1796500,1817200,1837900,1858600,1879300,1900000,1920700,1941400,1962100,1982800,2003600,2024300,2045000,2065700,2086400,2107100,2127800,2148500,2169200,2189900,2210600,2231300,2252100,2272800,2293500,2314200,2334900,2355600,2376300,2397000,2417700,2438400,2459100,2479800,2500500,2521300
9100,748300,769300,790200,811100,832000,852900,873800,894800,915700,936600,957500,978400,999300,1020300,1041200,1062100,1083000,1103900,1124800,1145800,1166700,1187600,1208500,1229400,1250400,1271300,1292200,1313100,1334000,1354900,1375900,1396800,1417700,1438600,1459500,1480400,1501400,1522300,1543200,1564100,1585000,1606000,1626900,1647800,1668700,1689600,1710500,1731500,1752400,1773300,1794200,1815100,1836000,1857000,1877900,1898800,1919700,1940600,1961600,1982500,2003400,2024300,2045200,2066100,2087100,2108000,2128900,2149800,2170700,2191600,2212600,2233500,2254400,2275300,2296200,2317200,2338100,2359000,2379900,2400800,2421700,2442700,2463600,2484500,2505400,2526300,2547200
9200,756300,777400,798600,819700,840800,861900,883100,904200,925300,946500,967600,988700,1009800,1031000,1052100,1073200,1094300,1115500,1136600,1157700,1178800,1200000,1221100,1242200,1263400,1284500,1305600,1326700,1347900,1369000,1390100,1411200,1432400,1453500,1474600,1495800,1516900,1538000,1559100,1580300,1601400,1622500,1643600,1664800,1685900,1707000,1728200,1749300,1770400,1791500,1812700,1833800,1854900,1876000,1897200,1918300,1939400,1960500,1981700,2002800,2023900,2045100,2066200,2087300,2108400,2129600,2150700,2171800,2192900,2214100,2235200,2256300,2277500,2298600,2319700,2340800,2362000,2383100,2404200,2425300,2446500,2467600,2488700,2509900,2531000,2552100,2573200
9300,764300,785600,807000,828300,849600,871000,892300,913600,935000,956300,977600,999000,1020300,1041700,1063000,1084300,1105700,1127000,1148300,1169700,1191000,1212300,1233700,1255000,1276400,1297700,1319000,1340400,1361700,1383000,1404400,1425700,1447100,1468400,1489700,1511100,1532400,1553700,1575100,1596400,1617700,1639100,1660400,1681800,1703100,1724400,1745800,1767100,1788400,1809800,1831100,1852400,1873800,1895100,1916500,1937800,1959100,1980500,2001800,2023100,2044500,2065800,2087100,2108500,2129800,2151200,2172500,2193800,2215200,2236500,2257800,2279200,2300500,2321800,2343200,2364500,2385900,2407200,2428500,2449900,2471200,2492500,2513900,2535200,2556500,2577900,2599200
9400,772300,793800,815300,836900,858400,880000,901500,923100,944600,966200,987700,1009300,1030800,1052400,1073900,1095400,1117000,1138500,1160100,1181600,1203200,1224700,1246300,1267800,1289400,1310900,1332500,1354000,1375500,1397100,1418600,1440200,1461700,1483300,1504800,1526400,1547900,1569500,1591000,1612500,1634100,1655600,1677200,1698700,1720300,1741800,1763400,1784900,1806500,1828000,1849600,1871100,1892600,1914200,1935700,1957300,1978800,2000400,2021900,2043500,2065000,2086600,2108100,2129700,2151200,2172700,2194300,2215800,2237400,2258900,2280500,2302000,2323600,2345100,2366700,2388200,2409800,2431300,2452800,2474400,2495900,2517500,2539000,2560600,2582100,2603700,2625200
9500,780200,802000,823700,845500,867300,889000,910800,932500,954300,976000,997800,1019500,1041300,1063100,1084800,1106600,1128300,1150100,1171800,1193600,1215300,1237100,1258800,1280600,1302400,1324100,1345900,1367600,1389400,1411100,1432900,1454600,1476400,1498200,1519900,1541700,1563400,1585200,1606900,1628700,1650400,1672200,1694000,1715700,1737500,1759200,1781000,1802700,1824500,1846200,1868000,1889800,1911500,1933300,1955000,1976800,1998500,2020300,2042000,2063800,2085600,2107300,2129100,2150800,2172600,2194300,2216100,2237800,2259600,2281400,2303100,2324900,2346600,2368400,2390100,2411900,2433600,2455400,2477200,2498900,2520700,2542400,2564200,2585900,2607700,2629400,2651200
9600,788200,810200,832100,854100,876100,898000,920000,942000,963900,985900,1007900,1029800,1051800,1073700,1095700,1117700,1139600,1161600,1183600,1205500,1227500,1249500,1271400,1293400,1315400,1337300,1359300,1381300,1403200,1425200,1447200,1469100,1491100,1513000,1535000,1557000,1578900,1600900,1622900,1644800,1666800,1688800,1710700,1732700,1754700,1776600,1798600,1820600,1842500,1864500,1886500,1908400,1930400,1952300,1974300,1996300,2018200,2040200,2062200,2084100,2106100,2128100,2150000,2172000,2194000,2215900,2237900,2259900,2281800,2303800,2325700,2347700,2369700,2391600,2413600,2435600,2457500,2479500,2501500,2523400,2545400,2567400,2589300,2611300,2633300,2655200,2677200
9700,796200,818400,840500,862700,884900,907000,929200,951400,973600,995700,1017900,1040100,1062300,1084400,1106600,1128800,1151000,1173100,1195300,1217500,1239700,1261800,1284000,1306200,1328400,1350500,1372700,1394900,1417100,1439200,1461400,1483600,1505800,1527900,1550100,1572300,1594500,1616600,1638800,1661000,1683200,1705300,1727500,1749700,1771900,1794000,1816200,1838400,1860500,1882700,1904900,1927100,1949200,1971400,1993600,2015800,2037900,2060100,2082300,2104500,2126600,2148800,2171000,2193200,2215300,2237500,2259700,2281900,2304000,2326200,2348400,2370600,2392700,2414900,2437100,2459300,2481400,2503600,2525800,2548000,2570100,2592300,2614500,2636700,2658800,2681000,2703200
9800,804200,826500,848900,871300,893700,916100,938500,960800,983200,1005600,1028000,1050400,1072800,1095100,1117500,1139900,1162300,1184700,1207100,1229400,1251800,1274200,1296600,1319000,1341400,1363700,1386100,1408500,1430900,1453300,1475700,1498100,1520400,1542800,1565200,1587600,1610000,1632400,1654700,1677100,1699500,1721900,1744300,1766700,1789000,1811400,1833800,1856200,1878600,1901000,1923300,1945700,1968100,1990500,2012900,2035300,2057600,2080000,2102400,2124800,2147200,2169600,2192000,2214300,2236700,2259100,2281500,2303900,2326300,2348600,2371000,2393400,2415800,2438200,2460600,2482900,2505300,2527700,2550100,2572500,2594900,2617200,2639600,2662000,2684400,2706800,2729200
9900,812100,834700,857300,879900,902500,925100,947700,970300,992900,1015500,1038100,1060700,1083200,1105800,1128400,1151000,1173600,1196200,1218800,1241400,1264000,1286600,1309200,1331800,1354400,1377000,1399600,1422100,1444700,1467300,1489900,1512500,1535100,1557700,1580300,1602900,1625500,1648100,1670700,1693300,1715900,1738500,1761000,1783600,1806200,1828800,1851400,1874000,1896600,1919200,1941800,1964400,1987000,2009600,2032200,2054800,2077400,2099900,2122500,2145100,2167700,2190300,2212900,2235500,2258100,2280700,2303300,2325900,2348500,2371100,2393700,2416300,2438800,2461400,2484000,2506600,2529200,2551800,2574400,2597000,2619600,2642200,2664800,2687400,2710000,2732600,2755200
10000,820100,842900,865700,888500,911300,934100,956900,979700,1002500,1025300,1048100,1070900,1093700,1116500,1139300,1162100,1184900,1207700,1230600,1253400,1276200,1299000,1321800,1344600,1367400,1390200,1413000,1435800,1458600,1481400,1504200,1527000,1549800,1572600,1595400,1618200,1641000,1663800,1686600,1709400,1732200,1755000,1777800,1800600,1823400,1846200,1869000,1891800,1914600,1937400,1960200,1983000,2005800,2028700,2051500,2074300,2097100,2119900,2142700,2165500,2188300,2211100,2233900,2256700,2279500,2302300,2325100,2347900,2370700,2393500,2416300,2439100,2461900,2484700,2507500,2530300,2553100,2575900,2598700,2621500,2644300,2667100,2689900,2712700,2735500,2758300,2781100